close,high,low,open,volume,target
0,0,0.000221697,0.001880102,0.050874439,0
0.001313549,0.000619431,0,0,0.060972273,0
0.002310873,0.00262067,0.003079121,0.002617863,0.042887852,0
0.004110922,0.003549817,0.004138339,0.004497965,0.054631361,0
0.004840671,0.005360461,0.005813381,0.005116733,0.038702222,0
0.005910971,0.005479583,0.006774066,0.006116281,0.039861829,0
0.004573097,0.00540811,0.006084343,0.006687451,0.045230652,0
0.009243493,0.008552914,0.007266726,0.006639853,0.085781699,0
0.009219168,0.009291466,0.010173416,0.010281063,0.058444297,0
0.011773291,0.011268881,0.010419746,0.009757491,0.078232541,0
0.011870591,0.010959165,0.012242585,0.011804184,0.038655464,0
0.012089516,0.012055082,0.013215588,0.012851329,0.046425369,0
0.010800292,0.013341592,0.011725293,0.01244675,0.066428972,0
0.008927268,0.009291466,0.00970539,0.011090221,0.052768503,0
0.005716371,0.00819555,0.006281407,0.008686547,0.09033873,0
0.004086597,0.006122838,0.005049759,0.005283324,0.139699483,1
0.019362685,0.021322724,0.020642428,0.023001499,0.25209029,1
0.022743858,0.021560966,0.020814859,0.019586378,0.088741563,0
0.022427633,0.021799209,0.022933294,0.022823009,0.050963087,0
0.02690343,0.025611093,0.024731501,0.023346581,0.083443528,0
0.023084408,0.025420498,0.023721549,0.027249578,0.069898373,0
0.02627098,0.02487254,0.025618288,0.024298532,0.058648661,0
0.02646558,0.025253728,0.026874569,0.026131036,0.049951281,0
0.030381902,0.029184733,0.029091536,0.02777315,0.090869418,0
0.032546826,0.030900081,0.031505567,0.030747995,0.051907948,0
0.033617125,0.032258065,0.033599369,0.032437707,0.046547506,0
0.031646801,0.032162767,0.032983545,0.033580047,0.039367011,0
0.031476526,0.03223424,0.033205242,0.033127871,0.050187412,0
0.032084651,0.031066851,0.033032811,0.031366763,0.022719066,0
0.035246899,0.033687521,0.0337718,0.032223518,0.045156061,0
0.035003649,0.035331396,0.036555326,0.035769533,0.069829553,0
0.034614449,0.033282508,0.034412257,0.034508199,0.043561537,0
0.034273899,0.033830466,0.036087299,0.034817583,0.033067142,0
0.034954999,0.034044885,0.034461523,0.03372284,0.04359919,0
0.032887375,0.032639253,0.033205242,0.033937028,0.045006707,0
0.033714425,0.033163387,0.034880284,0.033294462,0.030803967,0
0.031719776,0.031805403,0.032786481,0.033234965,0.038329099,0
0.030600827,0.029732692,0.030323185,0.030438611,0.042721904,0
0.029068353,0.029899462,0.029411765,0.030486209,0.051064577,0
0.028776453,0.028684424,0.029362499,0.028606107,0.042360971,0
0.026781805,0.026444942,0.027416494,0.026654609,0.042029899,0
0.027025055,0.026611474,0.027761356,0.026321426,0.05696697,0
0.028557529,0.02715967,0.02771209,0.027463766,0.047750074,0
0.030990027,0.030018583,0.030668046,0.031176373,0.048064248,0
0.030917052,0.030733311,0.032367721,0.031652348,0.04830687,0
0.032522501,0.031829228,0.03128387,0.031485756,0.096506628,0
0.025614206,0.028279411,0.026776037,0.030105428,0.129620588,1
0.019800535,0.024586649,0.021578481,0.023893953,0.109557895,1
0.025419606,0.024586649,0.020100503,0.019158,0.105622539,0
0.031525176,0.0319007,0.031702631,0.030724196,0.158178731,1
0.040817319,0.042002192,0.035052715,0.033627645,0.314334031,1
0.050060812,0.048434745,0.047098236,0.045836407,0.24669988,1
0.048479689,0.049387716,0.04845305,0.048835051,0.213310218,1
0.045220141,0.049506838,0.046507045,0.049001642,0.111008694,1
0.045195816,0.044599037,0.044684205,0.043908708,0.072070275,0
0.045147166,0.04428694,0.044514238,0.045812609,0.076705103,0
0.047749939,0.046552628,0.048354518,0.047002546,0.061361054,0
0.043103868,0.046195264,0.04231944,0.047169138,0.127999162,1
0.043517392,0.042859866,0.04231944,0.040553083,0.05761145,0
0.044028217,0.042359556,0.044265445,0.043789714,0.041231341,0
0.046120165,0.0458379,0.046950438,0.045431828,0.0569006,0
0.041814644,0.043836661,0.042935265,0.044170494,0.076343401,0
0.043930917,0.042812217,0.042935265,0.042504581,0.077875303,0
0.042641693,0.04204984,0.044117647,0.04309955,0.032186372,0
0.043809292,0.045051699,0.044979801,0.043932507,0.057198659,0
0.043930917,0.043503121,0.045127599,0.044741664,0.031412287,0
0.045974216,0.045123171,0.046211449,0.045455627,0.054218001,0
0.04638774,0.045647305,0.047147502,0.046907351,0.040456328,0
0.051228412,0.050864821,0.050128091,0.048597063,0.077429693,0
0.051836536,0.05548673,0.053773771,0.05497513,0.163983809,1
0.054366334,0.053795207,0.055128584,0.054142174,0.081634679,0
0.053490635,0.052508696,0.052591388,0.052809443,0.074181239,0
0.055071759,0.054247868,0.056064637,0.055403508,0.075612498,0
0.054877159,0.053461667,0.055202483,0.054094576,0.038172879,0
0.054682559,0.054343165,0.056852892,0.056117471,0.04106345,0
0.053831185,0.053271073,0.047861858,0.053904186,0.026996672,0
0.053685235,0.05236575,0.054093999,0.052976035,0.03973214,0
0.052566286,0.051246009,0.053970835,0.052857041,0.036827392,0
0.055120409,0.053223424,0.055744408,0.053547205,0.037904476,0
0.056579908,0.054700529,0.05650803,0.055570099,0.114451311,1
0.050109462,0.048363273,0.046654843,0.046907351,0.170499631,1
0.047409389,0.048744461,0.048600847,0.049477617,0.072218996,0
0.045560691,0.047195883,0.046999704,0.045860206,0.082490334,0
0.045122841,0.044861104,0.04638388,0.045336633,0.04687185,0
0.04013622,0.043765188,0.039806878,0.044884457,0.101056063,0
0.04037947,0.040382141,0.041531185,0.039981913,0.05282466,0
0.036098273,0.038261781,0.037392847,0.038982365,0.048469397,0
0.0336901,0.035379044,0.033845699,0.033151669,0.06062334,0
0.037509122,0.035998475,0.03717115,0.036840477,0.065986855,0
0.039090246,0.038881212,0.037762341,0.037387848,0.040131766,0
0.038652396,0.037928241,0.033697901,0.036364502,0.1488406,1
0.031135977,0.037380283,0.028229382,0.039244151,0.142484643,1
0.032692775,0.032091295,0.030002956,0.029320069,0.070917352,0
0.02607638,0.029563539,0.023918613,0.03027202,0.12393483,1
0.029481878,0.029256206,0.029040546,0.028487113,0.065067028,0
0.036487473,0.035331396,0.030126121,0.028796497,0.147795171,1
0.036390173,0.035617287,0.035619273,0.03619791,0.050646553,0
0.036657748,0.036069948,0.037663809,0.035983722,0.053127257,0
0.040720019,0.039524468,0.038525963,0.036935672,0.055728554,0
0.040890294,0.040548911,0.041949946,0.041290845,0.045459022,0
0.03950377,0.038380902,0.039314218,0.039886718,0.050006516,0
0.040865969,0.039238576,0.040841462,0.039339346,0.000354486,0
0.04033082,0.04065612,0.041925313,0.040053309,0.049283046,0
0.040063245,0.039619765,0.038673761,0.03850639,0.053438026,0
0.037776697,0.040024777,0.03916642,0.040362693,0.07720028,0
0.035271224,0.037022919,0.036111932,0.037518742,0.080078468,0
0.036268548,0.034997856,0.035668539,0.03467479,0.047209907,0
0.034346874,0.03485491,0.034190561,0.036650087,0.07147967,0
0.036390173,0.035641111,0.03650606,0.035460149,0.046174762,0
0.039017271,0.037618526,0.036432161,0.034888979,0.058013875,0
0.041668694,0.040572736,0.039979308,0.03869678,0.048891859,0
0.046120165,0.045980845,0.044191546,0.0421476,0.071722746,0
0.044539042,0.046695573,0.044634939,0.044479878,0.046731705,0
0.049136463,0.048887406,0.047738693,0.04578881,0.100769675,0
0.049136463,0.049554486,0.050768549,0.048644661,0.070568509,0
0.050668937,0.050817173,0.051384373,0.049453819,0.109456913,1
0.051033812,0.050269214,0.052406641,0.052047883,0.102691332,0
0.052663586,0.05236575,0.052665287,0.050453366,0.051105455,0
0.05341766,0.052651641,0.054956153,0.05269045,0.031324741,0
0.053685235,0.052413399,0.055202483,0.052833242,0.038665553,0
0.051812211,0.050293039,0.052394325,0.051762298,0.045833565,0
0.052371686,0.050316863,0.05227116,0.049953592,0.008988274,0
0.054171734,0.05336637,0.054488127,0.052166877,0.021587285,0
0.052955485,0.053882403,0.053773771,0.054546753,0.029708925,0
0.05288251,0.051721304,0.05426643,0.052000286,0.011447564,0
0.050668937,0.051936913,0.051877032,0.052476261,0.059842839,0
0.051471661,0.049864202,0.050226623,0.050453366,0.054225945,0
0.051155437,0.050293039,0.052665287,0.05057236,0.030369554,0
0.052590611,0.051136894,0.052813085,0.050738951,0.033717375,0
0.055752858,0.054224043,0.054438861,0.052785645,0.06347133,0
0.058379956,0.057249726,0.058059907,0.055570099,0.069105807,0
0.058671856,0.057130605,0.058946694,0.057521597,0.040778849,0
0.060228655,0.05844094,0.059685683,0.057450201,0.050511423,0
0.059012406,0.05694001,0.058724998,0.057819082,0.048947592,0
0.058501581,0.057702387,0.060202976,0.058330755,0.045914793,0
0.060836779,0.059179492,0.058749631,0.056498251,0.071838595,0
0.060812454,0.059798923,0.062419943,0.060448845,0.038447015,0
0.06030163,0.058822128,0.061582422,0.059020919,0.044312723,0
0.060836779,0.059679802,0.06248054,0.061519789,0.066104808,0
0.061031379,0.060537476,0.062567741,0.060448845,0.033271083,0
0.060763804,0.058845952,0.061902651,0.0593779,0.036884585,0
0.065409876,0.063610807,0.063824022,0.061448392,0.066069885,0
0.065555826,0.064420832,0.067075574,0.064423237,0.046617147,0
0.065580151,0.064206413,0.067075574,0.065541779,0.028641366,0
0.064801751,0.062491066,0.064760075,0.062662129,0.059192987,0
0.064120652,0.061919283,0.064661543,0.063185702,0.117788399,1
0.082121138,0.083599371,0.08040201,0.077179371,0.313228091,1
0.081585989,0.080978701,0.082298749,0.079428354,0.069567955,0
0.082923863,0.080502216,0.083234801,0.080225612,0.040919707,0
0.085867186,0.083623195,0.085057641,0.08217711,0.048199578,0
0.088883483,0.087411255,0.088875751,0.085532735,0.083493241,0
0.090124057,0.08772097,0.09077249,0.087460435,0.036240324,0
0.091048407,0.088257016,0.09052616,0.088174397,0.052881158,0
0.090318657,0.089436318,0.092817026,0.090102097,0.027092748,0
0.09316468,0.091532854,0.094541334,0.09157762,0.036337909,0
0.097372902,0.094558536,0.095772983,0.092505771,0.068060732,0
0.098564826,0.0973698,0.099147699,0.097384517,0.075521941,0
0.098163464,0.096488302,0.099689132,0.097741498,0.034934414,0
0.099075651,0.096321532,0.100330082,0.096384969,0.033731725,0
0.101459499,0.098513365,0.102497783,0.099074228,0.040919255,0
0.102456823,0.099394863,0.102818012,0.099550203,0.02949426,0
0.101045974,0.100252537,0.103286038,0.101811085,0.029342519,0
0.101362199,0.098298947,0.100773475,0.098312668,0.032419294,0
0.102018973,0.100145328,0.103236772,0.101239915,0.027690323,0
0.102164923,0.100145328,0.104271357,0.101097123,0.037730737,0
0.108975918,0.106613618,0.106476007,0.103024822,0.077985745,0
0.106956945,0.106919998,0.109345748,0.10804636,0.046223081,0
0.108951593,0.105851241,0.108926988,0.105142912,0.031779708,0
0.107881294,0.105708296,0.108941521,0.106535139,0.032336675,0
0.108319144,0.106208605,0.109419647,0.105809277,0.018939594,0
0.107054245,0.105779768,0.109493546,0.10554749,0.022864755,0
0.106275845,0.103373517,0.105133511,0.105047717,0.033600072,0
0.107394794,0.104724591,0.109050153,0.106261453,0.025683677,0
0.107540744,0.10489827,0.109493546,0.105309503,0.018863079,0
0.10702992,0.105422404,0.109542812,0.106380447,0.01228663,0
0.110605692,0.108043313,0.109998522,0.106642233,0.044606838,0
0.111165167,0.10868633,0.113040694,0.109759871,0.02449828,0
0.109462418,0.108638681,0.112129274,0.110426236,0.10124016,0
0.11303819,0.109829895,0.112966795,0.10899831,0.031689176,0
0.109097543,0.11292705,0.111735146,0.113067898,0.087683409,0
0.11294089,0.110068137,0.111809045,0.107677479,0.04513102,0
0.111724641,0.110030972,0.113902848,0.111045003,0.027966981,0
0.111043542,0.110401677,0.11326239,0.111616174,0.034346103,0
0.111627341,0.109162815,0.109000887,0.106594636,0.038017851,0
0.118730236,0.11588126,0.113927481,0.110212047,0.068523251,0
0.119508635,0.116953352,0.120258154,0.116804303,0.055496283,0
0.119046461,0.116977176,0.121021776,0.118018039,0.030647024,0
0.118389686,0.116429218,0.11981476,0.116899498,0.025835742,0
0.118486986,0.116071854,0.119913292,0.116875699,0.026844514,0
0.121089759,0.117906323,0.120208888,0.115780956,0.026550782,0
0.119265386,0.119264306,0.121785398,0.118089436,0.050913798,0
0.118389686,0.117024825,0.120898611,0.118256027,0.030465798,0
0.117611287,0.1162148,0.120455217,0.116923297,0.016487404,0
0.117197762,0.115498166,0.119543797,0.116613913,0.023568769,0
0.113451715,0.114237385,0.112548034,0.115043195,0.059198817,0
0.11386524,0.111378472,0.114888166,0.111854161,0.027978495,0
0.112040866,0.111926431,0.114986698,0.112591923,0.020111854,0
0.113938215,0.110735217,0.114543305,0.111568576,0.016249427,0
0.112405741,0.111116405,0.115134496,0.111401985,0.010383034,0
0.111140842,0.111021108,0.11350872,0.112520526,0.018572516,0
0.115422038,0.113212941,0.115257661,0.110949808,0.037222408,0
0.115008514,0.112641159,0.116957336,0.113853257,0.018549334,0
0.118341036,0.115666841,0.120233521,0.116375925,0.017913281,0
0.12050596,0.117930147,0.121933195,0.117351674,0.021337062,0
0.118438336,0.117215419,0.120716819,0.118684405,0.025688303,0
0.118705911,0.116167151,0.120553749,0.117381423,0.008052838,0
0.118365361,0.116500691,0.120455217,0.117780052,0.02765845,0
0.125492581,0.12340973,0.124618189,0.120183726,0.066792346,0
0.127754804,0.12553009,0.129249187,0.125990623,0.088376829,0
0.12666018,0.124100634,0.122918514,0.121349866,0.105155718,0
0.125370956,0.123266784,0.126711991,0.12356315,0.03708584,0
0.131281927,0.12765045,0.129052123,0.12413432,0.048017271,0
0.141133544,0.138895507,0.134643807,0.129536638,0.115105765,1
0.143517392,0.141706771,0.145531579,0.141055237,0.076515995,0
0.141741669,0.139467289,0.142230762,0.140484067,0.044540478,0
0.143420092,0.139777005,0.142723421,0.137675813,0.044310843,0
0.148649964,0.145375709,0.148536802,0.143030534,0.064933939,0
0.147676964,0.145923667,0.149472854,0.146148171,0.044635505,0
0.14711749,0.144518035,0.148659966,0.14598158,0.026592261,0
0.134419849,0.140968218,0.136318849,0.14041267,0.118665688,1
0.13999027,0.138037833,0.139816731,0.13486756,0.067853542,0
0.141255169,0.139562586,0.143511676,0.139889098,0.047850542,0
0.143517392,0.140992043,0.144201399,0.141364621,0.034173357,0
0.143055218,0.141754419,0.145186718,0.143506509,0.025115753,0
0.141936269,0.140015248,0.143610208,0.140983841,0.02414441,0
0.143225493,0.140444084,0.144496995,0.140722054,0.023914505,0
0.142593043,0.140182017,0.145186718,0.141364621,0.031969846,0
0.142738993,0.140634679,0.145235984,0.139984293,0.02699773,0
0.14052542,0.140015248,0.142895852,0.141293224,0.036734653,0
0.141547069,0.138014009,0.142501724,0.139389324,0.014998198,0
0.14706884,0.143064754,0.144152133,0.140365073,0.049569052,0
0.143371442,0.140682327,0.145556212,0.142173779,0.041842855,0
0.144636342,0.143922428,0.146344467,0.141126633,0.046343381,0
0.14687424,0.144327441,0.148068775,0.143792094,0.029001926,0
0.145949891,0.143279173,0.147871711,0.144339465,0.029290163,0
0.131330577,0.142445323,0.127229284,0.144196673,0.166603793,1
0.122670883,0.120765236,0.118583112,0.121706847,0.187400728,1
0.125516906,0.124005337,0.125086215,0.12508627,0.069688558,0
0.122038433,0.124124458,0.121859296,0.125895428,0.061828669,0
0.11992216,0.116929051,0.117844123,0.115947548,0.062216625,0
0.115008514,0.116977176,0.11781949,0.11704229,0.117725378,1
0.124908781,0.122313813,0.121415903,0.116756705,0.062528848,0
0.121673559,0.122623529,0.124568923,0.124396107,0.041121637,0
0.123765507,0.120715919,0.123756035,0.121183274,0.030203211,0
0.123181708,0.122218516,0.12501207,0.121778243,0.022759319,0
0.124762831,0.123314433,0.124987684,0.120255123,0.045560011,0
0.123643882,0.125982751,0.125652774,0.125110069,0.044086634,0
0.118559961,0.120932006,0.121317371,0.119969538,0.040659289,0
0.123668207,0.120812884,0.120184501,0.118732002,0.032853088,0
0.118438336,0.118478105,0.118016553,0.119255575,0.061494896,0
0.119265386,0.118073093,0.121711499,0.118636807,0.034138835,0
0.118000486,0.118883118,0.120036457,0.119660154,0.009015717,0
0.11943566,0.11766808,0.119109518,0.116828102,0.029251028,0
0.116127463,0.114594749,0.118336782,0.115233585,0.037393032,0
0.119654585,0.117572783,0.119543797,0.114948,0.02223631,0
0.121795184,0.120431696,0.120701547,0.117827649,0.03009671,0
0.122938458,0.120193453,0.123189477,0.119303172,0.021631803,0
0.123449282,0.120979654,0.124273327,0.122016231,0.0381513,0
0.128387254,0.126483061,0.125800571,0.121135677,0.042213071,0
0.131476526,0.1284843,0.130456203,0.12701397,0.026770035,0
0.132741425,0.132224711,0.133510691,0.129036864,0.036986299,0
0.134006324,0.130390242,0.13375702,0.129941217,0.019772285,0
0.136292873,0.133463573,0.13691004,0.132987458,0.028804715,0
0.134638774,0.134225949,0.137501232,0.135414931,0.017716319,0
0.134468499,0.131128794,0.134274313,0.131821319,0.04142929,0
0.138895646,0.135893648,0.136786876,0.133225446,0.030383917,0
0.14047677,0.139229047,0.14146714,0.136128894,0.022570317,0
0.142228168,0.139443465,0.144570894,0.139817702,0.011860386,0
0.135173924,0.139586411,0.130382304,0.140769652,0.064791117,0
0.132595476,0.130628484,0.135037935,0.131583331,0.017030304,0
0.130722452,0.130866727,0.13242684,0.13160713,0.025091774,0
0.13393335,0.13060466,0.133116563,0.129703229,0.041599017,0
0.151179762,0.153309191,0.152207114,0.153930365,0.180114015,1
0.147360739,0.147257826,0.149398956,0.148623242,0.045568608,0
0.149355388,0.147710487,0.151049364,0.146290964,0.027977038,0
0.155242034,0.151331777,0.153463642,0.148647041,0.032711084,0
0.158331306,0.15826464,0.15740467,0.152312049,0.07599689,0
0.16071515,0.156930481,0.15947384,0.153882767,0.044446898,0
0.146752615,0.153904798,0.14843827,0.155405888,0.086286049,0
0.152006811,0.150504598,0.151985417,0.147552298,0.045389459,0
0.157771832,0.154405108,0.158587053,0.15402556,0.032351511,0
0.162028703,0.159134226,0.162011036,0.157214593,0.051595271,0
0.16044758,0.159884691,0.162035669,0.160260834,0.049680805,0
0.15293116,0.155596322,0.156345453,0.156881411,0.048447893,0
0.152055461,0.152713585,0.15358656,0.150550941,0.048718188,0
0.151350036,0.148877877,0.149620899,0.149694186,0.046019713,0
0.157601557,0.153904798,0.156788846,0.151431495,0.030928928,0
0.158088056,0.155024539,0.158907282,0.153430591,0.024393037,0
0.156360983,0.155667794,0.158094394,0.156667222,0.023868304,0
0.157796157,0.155238957,0.159867967,0.154810919,0.042500795,0
0.161712479,0.158669653,0.161493743,0.155977058,0.043324017,0
0.165215276,0.161337971,0.161666174,0.155881863,0.055863314,0
0.166285575,0.16317244,0.168095379,0.164687403,0.048598096,0
0.167866699,0.164673369,0.170238447,0.164306623,0.046850187,0
0.167988324,0.165673989,0.170607942,0.167067279,0.016020549,0
0.163196303,0.164030114,0.16304562,0.16456841,0.055891928,0
0.162782778,0.161028256,0.162947088,0.162093339,0.030559225,0
0.161201654,0.159241435,0.162552961,0.160617816,0.032252475,0
0.154804184,0.15664459,0.158045128,0.157690569,0.05236224,0
0.161785454,0.158788774,0.161395211,0.156833813,0.061220793,0
0.160228655,0.16333921,0.158636319,0.161855351,0.186079323,1
0.157285332,0.153809501,0.156517884,0.155334492,0.102823997,0
0.15395281,0.152475342,0.156961277,0.153240201,0.0364569,0
0.157844807,0.156215753,0.15673958,0.152002665,0.114683757,1
0.154901484,0.155096012,0.156727264,0.155905662,0.051604436,0
0.155047434,0.15335684,0.157823431,0.154477736,0.027970252,0
0.148576989,0.149759375,0.146467632,0.150646136,0.125546481,1
0.142057893,0.143898604,0.143807272,0.145648397,0.078697965,0
0.138409146,0.135488636,0.138412651,0.136652467,0.108180256,1
0.135149599,0.134440368,0.134964036,0.131821319,0.101356526,0
0.141449769,0.139419641,0.141196177,0.136081297,0.075048425,0
0.144101192,0.141322962,0.145753276,0.140888646,0.042327513,0
0.141790319,0.140277315,0.143684107,0.141102834,0.032792863,0
0.143833617,0.13991995,0.141959799,0.139484519,0.045119705,0
0.143079543,0.140682327,0.143733373,0.141983388,0.022297039,0
0.144709316,0.142207081,0.146664696,0.14138842,0.014893123,0
0.142276818,0.139276695,0.143092916,0.140484067,0.026403925,0
0.14692289,0.14304093,0.147009558,0.141792998,0.030103975,0
0.146703965,0.143160051,0.148265839,0.1436731,0.015756516,0
0.148017514,0.146114261,0.150544389,0.145672196,0.015060413,0
0.148163464,0.149139944,0.149596019,0.146255265,0.012745053,0
0.149744588,0.146709868,0.151197162,0.146052976,0.016329114,0
0.148406714,0.147639015,0.15114765,0.146957329,0.014579755,0
0.150814887,0.147424596,0.152822938,0.147861682,0.015332725,0
0.157844807,0.153904798,0.155877426,0.150646136,0.039012531,0
0.159279981,0.15597751,0.159769435,0.155120303,0.023204689,0
0.157552907,0.155596322,0.160680855,0.156643423,0.014931321,0
0.148358064,0.146948111,0.149398956,0.147909279,0.095719061,0
0.149014838,0.148544337,0.151714455,0.147576097,0.038133501,0
0.148820238,0.148401391,0.150581338,0.148242462,0.032039136,0
0.151082462,0.147758136,0.152305646,0.146814536,0.017979062,0
0.149404038,0.148067852,0.15001478,0.148290059,0.027282933,0
0.151836536,0.14873374,0.153734358,0.14905162,0.016777363,0
0.165555826,0.162481536,0.158463888,0.153954164,0.101299921,0
0.174483094,0.173130986,0.170829638,0.164901592,0.101359508,0
0.18012649,0.176894983,0.178761454,0.174444894,0.075059902,0
0.174896619,0.177586125,0.175485269,0.179133249,0.067670451,0
0.177864267,0.17415543,0.174672382,0.173826126,0.066453913,0
0.188542934,0.18787821,0.189058035,0.188962136,0.147307393,1
0.192799805,0.189617382,0.190536013,0.185071039,0.071224494,0
0.194162004,0.190236813,0.195167012,0.188747947,0.039063221,0
0.197640477,0.192595416,0.196965218,0.190532854,0.039053026,0
0.196764777,0.192249964,0.194033895,0.191603798,0.053773536,0
0.193821455,0.190546529,0.19681742,0.191603798,0.042643879,0
0.192118706,0.188449993,0.194674352,0.187772198,0.017014982,0
0.185721236,0.186019917,0.189205833,0.186677455,0.03805943,0
0.18022379,0.178490732,0.182308602,0.179371237,0.053978427,0
0.185137436,0.182184209,0.187038132,0.182250887,0.037775768,0
0.182826563,0.181040644,0.185412356,0.181917704,0.032074467,0
0.182413038,0.17906323,0.185215292,0.180132797,0.014357703,0
0.190099732,0.186544051,0.188220514,0.181298936,0.042065779,0
0.194526879,0.189641206,0.193812198,0.187439016,0.042444938,0
0.194551204,0.19083242,0.197743374,0.19158,0.008294209,0
0.192410606,0.189831801,0.194526554,0.191461006,0.028558467,0
0.189929458,0.189331491,0.190880875,0.189676099,0.043911631,0
0.181196789,0.184685758,0.17930338,0.185701706,0.091600704,0
0.18696181,0.182827465,0.1824564,0.18046598,0.089683302,0
0.185015811,0.181707724,0.182604197,0.179323639,0.087870705,0
0.181975189,0.18397103,0.185387723,0.185344725,0.064601782,0
0.181585989,0.18135036,0.182357868,0.17720555,0.048705434,0
0.180053515,0.178216753,0.177579072,0.173492944,0.052490485,0
0.180807589,0.178777338,0.183614149,0.177134154,0.040802388,0
0.180929214,0.180111498,0.183392452,0.180608772,0.036529199,0
0.188956458,0.184614285,0.183318554,0.177538732,0.06764307,0
0.186596935,0.183423071,0.18989802,0.184559366,0.02360631,0
0.187983459,0.186162863,0.191225737,0.185392323,0.036670431,0
0.187861834,0.185186068,0.190363583,0.185154335,0.027571663,0
0.192118706,0.187663792,0.192358853,0.188081582,0.07997814,0
0.198078326,0.194882546,0.198270766,0.191056427,0.054380556,0
0.19350523,0.190570353,0.196374027,0.191413408,0.048924719,0
0.193043055,0.190641826,0.194304858,0.191032628,0.036228868,0
0.194648504,0.192071282,0.19639866,0.189366715,0.027999744,0
0.194648504,0.190641826,0.197383979,0.190580452,0.014601218,0
0.183848212,0.181231238,0.185510888,0.181346534,0.067257433,0
0.183921187,0.179587364,0.185584787,0.179680621,0.032093926,0
0.185088786,0.182136561,0.187481525,0.181822509,0.014430395,0
0.180588665,0.179134702,0.184377771,0.180680168,0.044457223,0
0.187959134,0.183208653,0.184476303,0.179823413,0.042602991,0
0.187886159,0.188569114,0.191127205,0.185463719,0.054343574,0
0.189832158,0.185996093,0.1914228,0.185487518,0.033772653,0
0.194624179,0.190522705,0.193812198,0.187629406,0.036278005,0
0.193043055,0.191094487,0.195979899,0.189795093,0.027306398,0
0.192994405,0.189784152,0.194698985,0.190271068,0.03081936,0
0.192897105,0.187973507,0.193689033,0.186963041,0.03806154,0
0.195305279,0.190808596,0.197359346,0.190366263,0.019179158,0
0.1997081,0.195263735,0.20021677,0.194150265,0.042576479,0
0.197518852,0.200100062,0.201423786,0.198243652,0.055399939,0
0.204597422,0.199766522,0.198788058,0.194078869,0.066586814,0
0.204986621,0.201791585,0.206621342,0.201742069,0.058747872,0
0.203040623,0.200552723,0.204552173,0.199933363,0.060594739,0
0.199489175,0.196264354,0.202556902,0.196815726,0.045640034,0
0.199586475,0.200219183,0.203098827,0.196815726,0.06331765,0
0.19272683,0.195120789,0.194181693,0.196696732,0.122025861,1
0.185161761,0.189522085,0.18760469,0.190175873,0.088093974,0
0.18613476,0.182493925,0.186446941,0.184202385,0.080187242,0
0.177499392,0.178110259,0.179081683,0.179823413,0.115402155,1
0.175091219,0.171463287,0.173243669,0.168804588,0.105137725,0
0.176210168,0.174012484,0.177677604,0.171993622,0.061081252,0
0.177061542,0.174441321,0.178318061,0.172707585,0.08323121,0
0.159352955,0.170105303,0.161912504,0.16992313,0.230584142,1
0.149598638,0.163148616,0.151812987,0.153501987,0.17036337,1
0.165507176,0.162767427,0.146886393,0.143339918,0.172028884,1
0.157017757,0.162005051,0.159375308,0.162997692,0.122928203,1
0.14633909,0.156287225,0.149423589,0.156334039,0.119012187,1
0.149404038,0.148877877,0.137624396,0.148670839,0.172334753,1
0.164728776,0.16317244,0.155532565,0.152074062,0.153148164,1
0.168693748,0.165221327,0.165730614,0.160284633,0.064569731,0
0.176064218,0.171868299,0.168760469,0.162878698,0.088116928,0
0.189734858,0.18509077,0.183835846,0.178942859,0.122173219,1
0.188372659,0.18921237,0.190659178,0.18505914,0.088022343,0
0.18696181,0.18787821,0.189797024,0.184321378,0.069009506,0
0.185064461,0.187544671,0.188787073,0.186177682,0.076176937,0
0.188542934,0.187139658,0.19051138,0.183726409,0.059587119,0
0.195840428,0.191189784,0.195019214,0.188176777,0.068381388,0
0.204281197,0.200100062,0.201596216,0.194554844,0.079454552,0
0.202870348,0.202696908,0.206399645,0.201099503,0.085053806,0
0.202213573,0.203030447,0.206128683,0.201480283,0.069238497,0
0.194624179,0.201029209,0.192851512,0.199766772,0.116546285,1
0.197567502,0.192738362,0.19233422,0.186106285,0.08433406,0
0.199051326,0.196169057,0.197433245,0.191841786,0.053041494,0
0.198686451,0.197384095,0.201399153,0.19826745,0.038682179,0
0.194697154,0.19166627,0.19681742,0.191199219,0.063320548,0
0.199343225,0.194691952,0.198788058,0.192484352,0.036737436,0
0.20673802,0.201553343,0.204502907,0.198386444,0.062329629,0
0.210970567,0.207247344,0.211449404,0.203931555,0.064416107,0
0.206713695,0.209891838,0.209060006,0.209405269,0.061654973,0
0.202991973,0.202792205,0.205537491,0.204002951,0.055139901,0
0.203502797,0.202125125,0.206177949,0.199671577,0.034934445,0
0.201970324,0.199456807,0.205069465,0.200028559,0.079298983,0
0.195353928,0.195525802,0.195314809,0.196863324,0.066748563,0
0.195207979,0.193929575,0.198467829,0.191913182,0.024753665,0
0.185550961,0.189855625,0.189402897,0.191437207,0.074352299,0
0.179664315,0.184113975,0.182850527,0.179442633,0.092418622,0
0.170153247,0.177538476,0.173834861,0.175611033,0.089921706,0
0.189199708,0.185114595,0.177529806,0.174849473,0.077543815,0
0.178423741,0.189998571,0.178712188,0.188200576,0.085918174,0
0.173899295,0.177776719,0.174450685,0.172897975,0.094340733,0
0.177061542,0.181898318,0.178662922,0.174230705,0.084161466,0
0.174385794,0.175203698,0.172677111,0.171446251,0.081634691,0
0.178545366,0.174751036,0.173687063,0.173826126,0.058883388,0
0.18637801,0.182517749,0.1734161,0.167257669,0.072354233,0
0.189272683,0.187806738,0.1914228,0.185582713,0.048471249,0
0.178521041,0.18363749,0.181865208,0.181751113,0.073598768,0
0.182583313,0.18509077,0.185929648,0.179157048,0.054960129,0
0.190367307,0.187258779,0.190067987,0.18658226,0.05370415,0
0.188396984,0.187068185,0.190486747,0.184749756,0.034458407,0
0.192532231,0.189641206,0.193787565,0.187558009,0.035883004,0
0.193967405,0.191642445,0.195782836,0.190818439,0.042840215,0
0.196618828,0.192476295,0.198196867,0.191413408,0.031802429,0
0.202505473,0.19902797,0.202088876,0.194888027,0.047450984,0
0.201532474,0.198742078,0.203246625,0.198029463,0.029237777,0
0.189272683,0.190570353,0.192851512,0.188390966,0.072987117,0
0.172050596,0.180635632,0.175041876,0.180870559,0.168497798,1
0.170882997,0.170391195,0.171741058,0.171898427,0.078299811,0
0.165288251,0.168985562,0.164671396,0.169137771,0.069510697,0
0.167015325,0.166817554,0.167602719,0.16187915,0.052981471,0
0.168401849,0.167556106,0.169967484,0.165448964,0.051676953,0
0.163780102,0.164220708,0.163218051,0.165163378,0.075623854,0
0.170931647,0.17120122,0.16619864,0.160713011,0.096703038,0
0.18027244,0.175823129,0.174647749,0.170898879,0.131386685,1
0.198443201,0.196192881,0.195659671,0.191889383,0.171760823,1
0.199221601,0.195597275,0.197236181,0.193436303,0.07068165,0
0.216103138,0.211678658,0.206424278,0.199076608,0.139579622,1
0.21933836,0.219826559,0.222632772,0.215569147,0.096777745,0
0.221503284,0.21637204,0.219972411,0.215116971,0.053045886,0
0.224689856,0.219183304,0.223790521,0.218829577,0.036885217,0
0.231208952,0.226259113,0.229776333,0.221661629,0.051758745,0
0.227681829,0.22552056,0.229283673,0.225826412,0.046226931,0
0.22661153,0.224257874,0.230293625,0.224684071,0.029313214,0
0.222451958,0.218397103,0.223494926,0.219376949,0.0383916,0
0.226684505,0.221708677,0.225711893,0.217687237,0.024345954,0
0.223789832,0.222780769,0.22659868,0.222280397,0.0184656,0
0.222135733,0.220160099,0.226032121,0.220352698,0.021590003,0
0.225346631,0.223638443,0.227953493,0.222280397,0.021910814,0
0.224203357,0.222709296,0.227633264,0.22318475,0.01207383,0
0.227122355,0.221803974,0.225120702,0.218353602,0.027070824,0
0.22661153,0.222613999,0.226229185,0.224112901,0.036955986,0
0.227657504,0.224543765,0.229776333,0.222827768,0.018985247,0
0.226003405,0.222399581,0.227854961,0.221328447,0.034715018,0
0.225030406,0.22061276,0.227633264,0.221614032,0.022812804,0
0.223497932,0.221160719,0.226056754,0.220424094,0.050182079,0
0.231695451,0.225997046,0.230022662,0.222256598,0.037605132,0
0.235563123,0.233525516,0.238890531,0.230943145,0.046394881,0
0.239163221,0.234764378,0.241378461,0.234346367,0.031763652,0
0.240792994,0.235097918,0.24029461,0.235679098,0.029795236,0
0.239528095,0.235383809,0.241329195,0.236892834,0.031082605,0
0.235246899,0.230142469,0.234998522,0.229824603,0.047610853,0
0.234103624,0.230070996,0.236082373,0.230252981,0.02162341,0
0.236657748,0.23159575,0.238397872,0.230348176,0.017273713,0
0.2328144,0.232239005,0.236648931,0.232799448,0.031989118,0
0.23305765,0.229118025,0.236107006,0.230728956,0.031900964,0
0.228289954,0.225758803,0.231278944,0.227111545,0.156756048,1
0.228046704,0.223519321,0.228667849,0.221994812,0.022172539,0
0.220627585,0.216634107,0.219430486,0.215473952,0.069157191,0
0.222597908,0.218706819,0.225046803,0.218353602,0.02884606,0
0.22006811,0.22144661,0.223100798,0.22049549,0.044669482,0
0.218754561,0.21620527,0.222509607,0.217806231,0.049303168,0
0.212065191,0.213274884,0.212730318,0.211332968,0.063194893,0
0.217562637,0.217110592,0.217188886,0.210357219,0.041112394,0
0.216905862,0.218897413,0.220859198,0.215688141,0.043341617,0
0.22016541,0.216348216,0.22029264,0.212998881,0.018687257,0
0.219216736,0.218682994,0.218100305,0.218210809,0.035411032,0
0.224252007,0.218945061,0.219356587,0.212332516,0.01982691,0
0.216322063,0.220493639,0.219652182,0.221780623,0.008070974,0
0.21992216,0.216824701,0.221475022,0.215759537,0.01631839,0
0.22617368,0.221637204,0.223741255,0.216140317,0.019060834,0
0.232522501,0.226997665,0.233840772,0.225850211,0.026131413,0
0.231963026,0.228427122,0.236008474,0.22872986,0.014248011,0
0.225954756,0.224853481,0.229677801,0.223470335,0.023251482,0
0.233617125,0.228736837,0.233865405,0.225921607,0.020791245,0
0.234346874,0.229761281,0.237782047,0.229610414,0.003603936,0
0.233325225,0.231691047,0.236599665,0.23065756,0.011458742,0
0.234638774,0.229832754,0.233594443,0.22644518,0.012988456,0
0.232084651,0.229665984,0.23539265,0.231276327,0.015661984,0
0.235684748,0.231452804,0.234801458,0.226302387,0.027781611,0
0.234614449,0.231166913,0.235983841,0.231276327,0.029086814,0
0.235027974,0.230047172,0.23448123,0.228658464,0.014404328,0
0.238409146,0.234097298,0.240614839,0.232870844,0.022835687,0
0.242836293,0.236932387,0.241550892,0.234322568,0.017010182,0
0.241352469,0.239576881,0.244457582,0.238011376,0.024012564,0
0.2334955,0.237742412,0.23581141,0.238915729,0.039415158,0
0.230892727,0.230618955,0.233274214,0.231561912,0.030093811,0
0.231817076,0.230476009,0.233939304,0.227754111,0.087195078,0
0.259085381,0.253394959,0.25357178,0.248768414,0.176107489,1
0.273412795,0.269166627,0.261060203,0.252219234,0.158887915,1
0.274872294,0.270024301,0.273696916,0.267569433,0.068749219,0
0.277499392,0.271239339,0.277613558,0.269877912,0.043777605,0
0.272731695,0.271834945,0.276849936,0.273019348,0.044281893,0
0.273072245,0.267808643,0.271332151,0.265237155,0.034750542,0
0.277037217,0.272502025,0.277933787,0.268164402,0.037761137,0
0.273753345,0.270881975,0.276628239,0.268354792,0.041243139,0
0.277012892,0.275289465,0.279165435,0.26916395,0.045226633,0
0.279153491,0.274360318,0.280544881,0.275018444,0.029217456,0
0.280345415,0.274789155,0.280717312,0.272781361,0.054305943,0
0.287837509,0.282103207,0.288452064,0.278802447,0.053349673,0
0.298199951,0.291966455,0.292615036,0.282824437,0.074911495,0
0.293043055,0.294896841,0.297418465,0.293914658,0.058913424,0
0.292021406,0.290155811,0.294758104,0.290820819,0.046063611,0
0.292045731,0.288178396,0.294290078,0.284395155,0.023832536,0
0.29311603,0.289822271,0.296162183,0.285704086,0.023412586,0
0.294745804,0.289464907,0.297418465,0.290344844,0.022146052,0
0.299075651,0.293848573,0.300423687,0.291653776,0.028523615,0
0.303356847,0.298136942,0.306803626,0.296080345,0.035532745,0
0.311335441,0.305165102,0.308010641,0.298793403,0.049472375,0
0.316322063,0.31652928,0.315375899,0.306171018,0.116520927,1
0.322646558,0.317982561,0.324243768,0.313929413,0.099544202,0
0.324422282,0.318721113,0.325795645,0.318451177,0.049893636,0
0.320797859,0.319888502,0.322026801,0.319831505,0.068392993,0
0.311627341,0.314361271,0.312666273,0.313263048,0.071372076,0
0.307248845,0.309644065,0.311212927,0.302839192,0.081737476,0
0.300024325,0.301257922,0.300768549,0.300697304,0.087641512,0
0.313451715,0.307094868,0.300990245,0.293700469,0.075914007,0
0.30668937,0.308762567,0.309069859,0.310193008,0.118030416,1
0.31967891,0.316743698,0.31579466,0.306813584,0.0944585,0
0.31342739,0.313146233,0.315671495,0.312120707,0.064241425,0
0.298929701,0.303878592,0.302739186,0.303553155,0.080415504,0
0.2998054,0.301257922,0.302369692,0.293176896,0.062910425,0
0.300121625,0.295945109,0.297886491,0.294866608,0.049064677,0
0.304159572,0.302282365,0.307370184,0.299007592,0.047461419,0
0.298394551,0.300090532,0.302788452,0.300292725,0.264236554,1
0.30600827,0.29985229,0.301162676,0.290868417,0.050837545,0
0.309413768,0.303568876,0.308724998,0.297841453,0.041066255,0
0.305108246,0.305784533,0.308872795,0.300816297,0.039292927,0
0.316127463,0.312193262,0.318184058,0.307527547,0.058582002,0
0.318049136,0.310763806,0.31936644,0.309836027,0.036007766,0
0.321746534,0.319292896,0.325105922,0.317356434,0.038097877,0
0.32666018,0.320674703,0.325795645,0.315690521,0.04179402,0
0.33344685,0.328941726,0.33355503,0.322354173,0.053830402,0
0.323522257,0.326273407,0.326041975,0.324091482,0.064374379,0
0.314522014,0.316886644,0.310892699,0.317380233,0.069163442,0
0.313257115,0.308286082,0.309956646,0.303695947,0.056971692,0
0.320797859,0.314170677,0.315006405,0.307099169,0.048339984,0
0.295232304,0.311978844,0.299733964,0.311430543,0.095343111,0
0.290586232,0.295659218,0.290545867,0.285394702,0.130001499,1
0.309219168,0.303711822,0.301679968,0.299435969,0.090198432,0
0.297664802,0.301210273,0.302739186,0.301197078,0.060480178,0
0.309316468,0.303973889,0.301482905,0.295889955,0.055477631,0
0.30698127,0.303140039,0.307838211,0.303910136,0.035870902,0
0.294405254,0.296231,0.292220908,0.293343487,0.066053206,0
0.302408173,0.29985229,0.303133314,0.293819463,0.067601591,0
0.305667721,0.304855387,0.306852892,0.297936648,0.054257749,0
0.310727317,0.30459332,0.296408513,0.28851234,0.085311183,0
0.292143031,0.306928098,0.296014386,0.304624099,0.092026669,0
0.303600097,0.300138181,0.301458272,0.292986506,0.057568884,0
0.295086354,0.297303092,0.29140802,0.288678931,0.111741247,1
0.285210411,0.296111879,0.275199527,0.296508722,0.107623348,1
0.287788859,0.285367132,0.283032811,0.277374521,0.078749664,0
0.301313549,0.297922523,0.301138043,0.291011209,0.084038283,0
0.309486743,0.302472959,0.30160607,0.29617554,0.146184743,1
0.27363172,0.281722018,0.273573751,0.27356672,0.248927079,1
0.259304306,0.259660742,0.255690216,0.261072372,0.170591305,1
0.264607152,0.260446943,0.264361021,0.255408268,0.063879059,0
0.27963999,0.273169105,0.270371465,0.265046765,0.068677741,0
0.276088543,0.27331205,0.276825303,0.274590066,0.043582269,0
0.2663099,0.263520274,0.265740467,0.264047217,0.071607952,0
0.241255169,0.248844523,0.244900975,0.24845903,0.123810358,1
0.236536123,0.242483442,0.239136861,0.230919346,0.110572547,1
0.223327658,0.236050889,0.225539462,0.236321664,0.153897785,1
0.234541474,0.230070996,0.22792886,0.223208549,0.10931452,1
0.23969837,0.237218278,0.2342349,0.228230086,0.079584736,0
0.221041109,0.227045314,0.223223963,0.227040149,0.095126199,0
0.199440525,0.205055511,0.199871909,0.199362193,0.175763611,1
0.198954026,0.202196598,0.202433737,0.202598824,0.061517402,0
0.188032109,0.193441178,0.191472066,0.191199219,0.038170003,0
0.19369983,0.189522085,0.1869396,0.189533306,0.104706572,0
0.19277548,0.189093248,0.188466844,0.183036246,0.093465489,0
0.209073218,0.204626674,0.198443196,0.195459197,0.108018743,1
0.205692046,0.208224139,0.205266529,0.20957186,0.094656526,0
0.203332523,0.202339544,0.20361612,0.203931555,0.087688505,0
0.218511311,0.213322533,0.213912701,0.213855637,0.091630831,0
0.198735101,0.207247344,0.201744014,0.205502273,0.093331339,0
0.19394308,0.189117072,0.187333727,0.183631214,0.098791743,0
0.178788616,0.188426169,0.182111538,0.1877484,0.096249201,0
0.181488689,0.177943489,0.169868953,0.167543254,0.157711187,1
0.179129166,0.181993615,0.178909252,0.183393227,0.111813746,1
0.18027244,0.182303331,0.183885112,0.180394583,0.07553618,0
0.184772561,0.183851908,0.185190659,0.180608772,0.063925585,0
0.171466796,0.175537237,0.174672382,0.177062757,0.09133731,0
0.167720749,0.173798065,0.168390974,0.168614198,0.10249456,0
0.17290197,0.171844475,0.172480047,0.168447607,0.069976077,0
0.16030163,0.171653881,0.159424574,0.16992313,0.11730996,1
0.150425687,0.15893172,0.150088679,0.156595826,0.166262184,1
0.135587448,0.149521132,0.136121785,0.148171065,0.262672751,1
0.126100705,0.133773288,0.128633363,0.127442348,0.080334877,0
0.151252737,0.147305475,0.128953591,0.127799329,0.146992114,1
0.148771588,0.146209558,0.137205636,0.145743592,0.129978691,1
0.148966188,0.150378806,0.148241206,0.149694186,0.096279686,0
0.152639261,0.152380045,0.152995369,0.152145458,0.07359309,0
0.15307711,0.151165007,0.147452951,0.14348271,0.079931773,0
0.114813914,0.119883738,0.11732683,0.117518266,0.248875844,1
0.129579178,0.126626007,0.121760765,0.118827197,0.147068461,1
0.128776453,0.127293086,0.126933688,0.128751279,0.135148261,1
0.135636098,0.134416544,0.133387526,0.130797972,0.092338427,0
0.141863294,0.140872921,0.136121785,0.134915157,0.105019607,0
0.143055218,0.139538762,0.139151641,0.137794807,0.076012439,0
0.139382145,0.138895507,0.140752784,0.13869916,0.048751546,0
0.133811725,0.133106209,0.135111834,0.133868012,0.065610775,0
0.141279494,0.138156954,0.13715637,0.132487684,0.054003246,0
0.145828266,0.144089198,0.144423096,0.139175135,0.059791293,0
0.148066164,0.148329919,0.145063553,0.141840596,0.057461153,0
0.150401362,0.148854053,0.151763721,0.149694186,0.069694376,0
0.141838969,0.146114261,0.143487043,0.147100121,0.059244247,0
0.143347117,0.142326202,0.14122081,0.141721602,0.036634098,0
0.14037947,0.1407538,0.141319342,0.141626407,0.043827916,0
0.15268791,0.149449659,0.147674648,0.144886837,0.069062055,0
0.149136463,0.14516129,0.146048872,0.145624598,0.046164166,0
0.145195816,0.149449659,0.147157355,0.146719341,0.094087637,0
0.170907322,0.168556726,0.162232732,0.163378472,0.154859116,1
0.173801995,0.175346643,0.172898808,0.170184916,0.091449184,0
0.173996595,0.175298995,0.176273524,0.172207811,0.066323476,0
0.185502311,0.1816839,0.179598975,0.173278755,0.062673441,0
0.192629531,0.189831801,0.19208789,0.186249078,0.077011545,0
0.19277548,0.19099919,0.193319539,0.190509055,0.052537907,0
0.184748236,0.187115834,0.187136664,0.185154335,0.063439548,0
0.183459012,0.179301472,0.182407134,0.177038959,0.03878011,0
0.181075164,0.180611807,0.18445167,0.181941503,0.029981405,0
0.184626612,0.180111498,0.185560154,0.179680621,0.033997335,0
0.182899538,0.18363749,0.186102079,0.18275066,0.0346408,0
0.184407687,0.180730929,0.184771899,0.178752469,0.032603459,0
0.183483337,0.181779197,0.185683319,0.182417478,0.041291737,0
0.184723911,0.181159766,0.185042861,0.178752469,0.023691507,0
0.187399659,0.185638729,0.188737807,0.182274685,0.045922307,0
0.185040136,0.183375423,0.187038132,0.183726409,0.018327516,0
0.189686208,0.184876352,0.189698492,0.183202837,0.023505755,0
0.192751155,0.191713918,0.196029165,0.189342916,0.032720538,0
0.192994405,0.190355935,0.194107794,0.188271972,0.01776888,0
0.194307954,0.189641206,0.193023943,0.187082034,0.051279671,0
0.190124057,0.189426788,0.19349197,0.189723696,0.052462653,0
0.194551204,0.189998571,0.193418071,0.189628501,0.045211962,0
0.196691802,0.196192881,0.196078431,0.192984126,0.05003705,0
0.195913403,0.192023634,0.197482511,0.193579095,0.026071599,0
0.19345658,0.190808596,0.196004532,0.190556653,0.029411619,0
0.188542934,0.188307047,0.191275002,0.188652752,0.041819558,0
0.189540258,0.185043122,0.185067494,0.180204193,0.039338537,0
0.204110922,0.199456807,0.199477781,0.192508151,0.064277985,0
0.209000243,0.207914423,0.209380235,0.203241391,0.065699174,0
0.210946242,0.209415352,0.213198345,0.208596111,0.061231994,0
0.215859888,0.211321294,0.217238152,0.212522906,0.038031591,0
0.221673559,0.219016534,0.220144842,0.214783788,0.086167432,0
0.226295305,0.221541907,0.2251946,0.21704467,0.046250623,0
0.222670883,0.222971363,0.225514829,0.223113353,0.063142824,0
0.226635855,0.224162577,0.222583506,0.218068017,0.06124042,0
0.243493067,0.240458379,0.235097054,0.227087746,0.123495081,1
0.233665775,0.24369848,0.237486452,0.239748685,0.096641534,0
0.228046704,0.230094821,0.227189871,0.230633761,0.101116706,0
0.223303333,0.232239005,0.222214011,0.230990742,0.119654715,1
0.227389929,0.224805832,0.227066706,0.224065304,0.057546032,0
0.227998054,0.224329347,0.229480737,0.224541279,0.029318167,0
0.230990027,0.225568209,0.231968667,0.22663557,0.037983195,0
0.234127949,0.229380092,0.231574539,0.230943145,0.051362396,0
0.240890294,0.23600324,0.238151542,0.229634213,0.035498398,0
0.244125517,0.240863392,0.243324465,0.234774745,0.037073824,0
0.244952566,0.240553676,0.243299832,0.238439753,0.024131822,0
0.248139139,0.242292848,0.250172431,0.242390347,0.022302593,0
0.255679883,0.249749845,0.251182383,0.242318951,0.045198047,0
0.254220384,0.255991804,0.25830131,0.251600466,0.075973737,0
0.256944782,0.250964883,0.255714849,0.24769747,0.032166226,0
0.25288251,0.251584314,0.256355306,0.252861801,0.029693099,0
0.25268791,0.249535427,0.250862154,0.248935006,0.051047073,0
0.25356361,0.248844523,0.255296088,0.247459483,0.01922084,0
0.25361226,0.252465812,0.256650902,0.249553773,0.044621192,0
0.263050353,0.257254491,0.256774066,0.249744163,0.054614791,0
0.264826076,0.25908896,0.266405557,0.258264119,0.039949933,0
0.26645585,0.260971077,0.265962164,0.257573955,0.025144351,0
0.27363172,0.267665698,0.269804907,0.261381756,0.037233083,0
0.27285332,0.26940487,0.277564292,0.268354792,0.019233176,0
0.268280224,0.267689522,0.272810129,0.267093458,0.022354148,0
0.265896376,0.261114023,0.265420238,0.262500297,0.022683791,0
0.26665045,0.263424977,0.269706375,0.26131036,0.033752018,0
0.257066407,0.257302139,0.258005715,0.258121326,0.109489222,1
0.281026514,0.285676848,0.282934279,0.274352079,0.166431426,1
0.277693992,0.279339591,0.280224653,0.274256884,0.064232195,0
0.284018487,0.277409825,0.285397576,0.276755753,0.029666857,0
0.276064218,0.270262543,0.268819588,0.261048573,0.065622999,0
0.262393578,0.266879497,0.262242585,0.264832576,0.085298271,0
0.262490878,0.261924048,0.264508819,0.25536067,0.046623149,0
0.257188032,0.253204365,0.251970638,0.251790857,0.073297805,0
0.248576989,0.246462096,0.242388413,0.244698827,0.092909325,0
0.220700559,0.224138753,0.217952508,0.221590233,0.143406313,1
0.227852104,0.224662887,0.224258548,0.218496394,0.078344014,0
0.23334955,0.229546862,0.225761159,0.218163212,0.047261957,0
0.231306252,0.23126221,0.232707656,0.22682596,0.067454158,0
0.228679153,0.227521799,0.227583998,0.21973393,0.066980146,0
0.214303089,0.211916901,0.211621835,0.211618554,0.084826954,0
0.222841158,0.22061276,0.222509607,0.215664342,0.052927818,0
0.213549015,0.215157002,0.217213519,0.214331612,0.057235145,0
0.205959621,0.202839853,0.205537491,0.202765416,0.078344198,0
0.204281197,0.206651737,0.207532762,0.203717366,0.038452385,0
0.202481148,0.202958975,0.205783821,0.200671125,0.051630715,0
0.200413525,0.200004765,0.201078924,0.194721436,0.053289899,0
0.202651423,0.199718874,0.202729333,0.198362645,0.030681764,0
0.194794454,0.196764664,0.198590994,0.194269259,0.048814871,0
0.190488932,0.196597894,0.186964233,0.192769937,0.090379658,0
0.205910971,0.20114833,0.197433245,0.192389157,0.061031016,0
0.212965215,0.213441654,0.21374027,0.213427259,0.057312566,0
0.21948431,0.214585219,0.2162282,0.210571408,0.034753107,0
0.231476526,0.229951875,0.225145335,0.218734382,0.060148301,0
0.237387497,0.238171249,0.239555621,0.231347724,0.046253796,0
0.242811968,0.239672178,0.244432949,0.238606345,0.048470268,0
0.241303819,0.239600705,0.243915657,0.236440658,0.021451358,0
0.241206519,0.241554296,0.244432949,0.238225565,0.032101904,0
0.237776697,0.233930528,0.236304069,0.230728956,0.023033592,0
0.24057407,0.237194454,0.240910435,0.233941788,0.010294628,0
0.251666261,0.249892791,0.248398857,0.241438397,0.047281525,0
0.250255412,0.248915996,0.25357178,0.250077346,0.030388602,0
0.254123084,0.250655167,0.255345354,0.25171946,0.031601859,0
0.252468986,0.25122695,0.25564095,0.247983055,0.113429098,1
0.251982486,0.249583075,0.255690216,0.247364288,0.021349355,0
0.244660667,0.247438891,0.248595921,0.247102501,0.030220814,0
0.254950134,0.25156049,0.253670312,0.245531783,0.045776468,0
0.254804184,0.252942298,0.259138831,0.25152907,0.029689703,0
0.250377037,0.248010673,0.252931323,0.24769747,0.061475166,0
0.259207006,0.259898985,0.261799192,0.258383112,0.049665172,0
0.262077353,0.256658884,0.263548133,0.254194531,0.017348659,0
0.26616395,0.259779864,0.266824318,0.258644899,0,0
0.265726101,0.261304617,0.26734161,0.25881149,0.018376849,0
0.255485283,0.252537285,0.256281407,0.252766606,0.043507534,0
0.258452931,0.252799352,0.257266726,0.248935006,0.02868828,0
0.263293603,0.25808834,0.264040792,0.255241676,0.020343011,0
0.259693505,0.259660742,0.264410287,0.258716295,0.027486167,0
0.263463877,0.258731596,0.265617302,0.256669602,0.019403149,0
0.268109949,0.263186735,0.270051237,0.260572598,0.017386646,0
0.266382875,0.263758517,0.268819588,0.261762536,0.017135734,0
0.263585502,0.261328441,0.26825303,0.260477403,0.008546138,0
0.269204573,0.263210559,0.269312248,0.260358409,0.022475411,0
0.261736804,0.264687664,0.26601143,0.264618387,0.029781813,0
0.27299927,0.266426836,0.269090551,0.259525453,0.033979931,0
0.276939917,0.270429313,0.278155483,0.270972655,0.021768938,0
0.276526393,0.271001096,0.277859888,0.269092553,0.011298295,0
0.272512771,0.271215514,0.276776037,0.271996002,0.00793005,0
0.274264169,0.272382904,0.277785989,0.268640377,0.019476806,0
0.278983216,0.274550912,0.280988275,0.270972655,0.032098057,0
0.276793967,0.273407347,0.278204749,0.271686618,0.070269311,0
0.28715641,0.300114357,0.288033304,0.289916466,0.180296331,1
0.275942593,0.29215705,0.27680067,0.283919179,0.132782958,1
0.265215276,0.264520894,0.264213223,0.263999619,0.091830429,0
0.239236196,0.24598561,0.241920386,0.246055356,0.127724662,1
0.248139139,0.244603802,0.2455168,0.242057165,0.07614977,0
0.253101435,0.248153619,0.244974874,0.239915276,0.068490862,0
0.263780102,0.257611855,0.258695438,0.251314881,0.048708843,0
0.257844807,0.255777386,0.258449108,0.253932745,0.041269735,0
0.256604233,0.254085863,0.258104247,0.249934553,0.034614826,0
0.277256142,0.278124553,0.261380432,0.253266379,0.112617248,1
0.262126003,0.264544718,0.266577988,0.258359314,0.078399317,0
0.25966918,0.261447563,0.259385161,0.259073276,0.051429009,0
0.271247872,0.266260066,0.269657109,0.261024775,0.054324807,0
0.28061299,0.279530185,0.284904917,0.276113187,0.040685039,0
0.280637315,0.28100729,0.285619273,0.276731955,0.048428702,0
0.28618341,0.281722018,0.288772293,0.281753492,0.031759866,0
0.285745561,0.283604136,0.28667849,0.282229468,0.033948451,0
0.261858429,0.277910135,0.262661346,0.273281135,0.110572258,1
0.271223547,0.266331539,0.272662331,0.264784978,0.045772166,0
0.265555826,0.26957164,0.268893487,0.26954473,0.045246755,0
0.268888348,0.262829371,0.268376195,0.260596397,0.014305547,0
0.277353442,0.271406109,0.276603606,0.27106785,0.030025692,0
0.276696667,0.274098251,0.277933787,0.275018444,0.030507906,0
0.269301873,0.265831229,0.270593162,0.266141507,0.027074432,0
0.277791292,0.271787297,0.278229382,0.270806064,0.024451033,0
0.287740209,0.282484395,0.288550596,0.279397415,0.039175503,0
0.287691559,0.283556487,0.291013893,0.284276161,0.024903877,0
0.289905133,0.28836899,0.287466745,0.286156263,0.04964233,0
0.296059353,0.289179016,0.289043255,0.283823984,0.063552362,0
0.312819265,0.305689236,0.303872303,0.293843261,0.102499927,0
0.311603016,0.312145614,0.316509016,0.309859825,0.064949233,0
0.301045974,0.298732549,0.302123362,0.298436422,0.088409907,0
0.303843347,0.297160147,0.303453542,0.293034104,0.030494147,0
0.305789346,0.298804022,0.307296285,0.298341227,0.02186624,0
0.310824617,0.303640349,0.30808454,0.30095909,0.0444553,0
0.306421795,0.305808358,0.310375406,0.303219972,0.033699597,0
0.298564826,0.302949445,0.303231846,0.30172065,0.145107416,1
0.300972999,0.296469243,0.303675239,0.295937552,0.025082414,0
0.298443201,0.302782675,0.302542122,0.300887694,0.062482886,0
0.30659207,0.300424072,0.302418958,0.294985602,0.034612078,0
0.303819022,0.299089913,0.306581929,0.298436422,0.024051002,0
0.301216249,0.299137561,0.302763819,0.299721555,0.043578063,0
0.313743615,0.307761948,0.311409991,0.30057831,0.046558024,0
0.315251764,0.316433983,0.319809833,0.310502392,0.077277806,0
0.301556799,0.305379521,0.304364962,0.305718841,0.075970686,0
0.306081245,0.299137561,0.297467731,0.294700017,0.059115734,0
0.321138409,0.314694811,0.319046211,0.311858921,0.072821365,0
0.321260034,0.320507933,0.32384964,0.313358243,0.060786057,0
0.314789589,0.316052795,0.320130062,0.312287299,0.055784988,0
0.321187059,0.315409539,0.323356981,0.315166948,0.02386769,0
0.328630504,0.321722971,0.327446054,0.317308836,0.054789748,0
0.343517392,0.338876447,0.339787171,0.329255813,0.09534204,0
0.342690343,0.340043837,0.345600552,0.333896571,0.040627665,0
0.341352469,0.338900272,0.346117844,0.337442585,0.036353667,0
0.339041596,0.333158622,0.341979505,0.330255361,0.024668543,0
0.341255169,0.335326631,0.34276776,0.334348747,0.018399819,0
0.344003892,0.338733502,0.344664499,0.333158809,0.040112603,0
0.353977135,0.346857579,0.352128289,0.340131845,0.032528189,0
0.352639261,0.349740315,0.357793871,0.348794593,0.035243978,0
0.360471905,0.35221804,0.361735146,0.351031676,0.026679005,0
0.361444904,0.355934626,0.363188491,0.356767177,0.02040252,0
0.368742398,0.360532711,0.365824219,0.353554344,0.021812786,0
0.374750669,0.366536427,0.375283279,0.363692615,0.038267735,0
0.360739479,0.367727641,0.365060597,0.367381423,0.075792037,0
0.360666505,0.35712584,0.361710513,0.357362146,0.06153705,0
0.374045244,0.366345833,0.351980491,0.363264238,0.072930213,0
0.391218682,0.382451041,0.381293724,0.368737952,0.082240282,0
0.395305279,0.387025301,0.39661543,0.387277184,0.044999616,0
0.394405254,0.387835327,0.398930929,0.386610819,0.026809379,0
0.394672829,0.386167628,0.396590797,0.385944454,0.023670645,0
0.4,0.392981369,0.403340231,0.390632809,0.038515879,0
0.401727074,0.393195788,0.400236477,0.390513815,0.019170564,0
0.40673802,0.398032115,0.403758991,0.389585664,0.028468647,0
0.40615422,0.398794492,0.410262095,0.39732026,0.032639192,0
0.412259791,0.403535522,0.410631589,0.396320712,0.044998499,0
0.407808319,0.403773765,0.413168785,0.402555987,0.034346081,0
0.415397713,0.405917949,0.415410385,0.402389395,0.042744995,0
0.418657261,0.409848954,0.418415607,0.407434732,0.032183686,0
0.416686937,0.411206938,0.421273032,0.412432471,0.023992744,0
0.409146193,0.406632677,0.40898118,0.406815964,0.047464921,0
0.406275845,0.401701053,0.410902552,0.402413194,0.059103569,0
0.405716371,0.399723638,0.410065031,0.399795331,0.015468618,0
0.416881537,0.407490351,0.41420337,0.400080916,0.030093755,0
0.411821941,0.409205699,0.414154104,0.41014779,0.046608761,0
0.42045731,0.411159289,0.421075968,0.406911159,0.015639388,0
0.419022136,0.411206938,0.422529313,0.409338633,0.000909953,0
0.411505716,0.411802544,0.416494236,0.410933149,0.038386591,0
0.40004865,0.391027779,0.39885703,0.389609462,0.056079367,0
0.405619071,0.400033354,0.409670904,0.39617792,0.01696008,0
0.414959864,0.406180016,0.414720662,0.402651182,0.022721895,0
0.427438579,0.418354219,0.425977929,0.411432923,0.047270595,0
0.418219411,0.417877734,0.420090649,0.41743021,0.064812191,0
0.422014108,0.416138562,0.422430781,0.414098384,0.035083297,0
0.427584529,0.418592462,0.428933885,0.414598158,0.026027932,0
0.429262953,0.422070806,0.426027195,0.412146886,0.071829876,0
0.438238871,0.428598656,0.434919697,0.420904829,0.068703802,0
0.449695938,0.441678182,0.449822643,0.434089341,0.064496109,0
0.451033812,0.44401296,0.454305843,0.440205621,0.053584481,0
0.449404038,0.444322676,0.455094098,0.440752993,0.054981822,0
0.450085137,0.442607328,0.454675337,0.44003903,0.041292151,0
0.448674288,0.446109496,0.453714652,0.446536091,0.179522411,1
0.45976648,0.44992138,0.458173219,0.442490302,0.041450709,0
0.460423255,0.451446133,0.464454626,0.452390585,0.002358539,0
0.474142544,0.463572688,0.468839295,0.452699969,0.037267365,0
0.47387497,0.473078572,0.47726377,0.467693186,0.078540932,0
0.478058866,0.470029066,0.470120209,0.463742593,0.076880761,0
0.483240088,0.472387669,0.480712385,0.464861134,0.043224252,0
0.499537825,0.488874065,0.494679279,0.47987815,0.070195056,0
0.492434931,0.488826416,0.497906198,0.482043837,0.07866838,0
0.498199951,0.487349311,0.488668834,0.474047455,0.056911679,0
0.494770129,0.489588793,0.500320229,0.488445703,0.05141124,0
0.50644612,0.498022585,0.499531974,0.482067636,0.06763963,0
0.522111408,0.512293324,0.521800177,0.506056784,0.097307306,0
0.523814157,0.517629961,0.526849936,0.514053166,0.074258644,0
0.53994162,0.528112641,0.533993497,0.516528237,0.058107333,0
0.529530528,0.529303855,0.53650606,0.528570409,0.091180878,0
0.52627098,0.52437223,0.530052222,0.517028011,0.059514794,0
0.535757723,0.524848716,0.536308996,0.521168995,0.049324357,0
0.544247142,0.532091295,0.54347719,0.527547062,0.071883029,0
0.538992946,0.532758374,0.545940487,0.529736548,0.049410849,0
0.541741669,0.535069329,0.549167406,0.533044575,0.043879484,0
0.545463391,0.534044885,0.545078333,0.531473857,0.04593361,0
0.543225493,0.543026636,0.549684698,0.537018968,0.078669943,0
0.52045731,0.515485777,0.518548625,0.512768034,0.090656506,0
0.541717344,0.531281269,0.536555326,0.518812918,0.090885244,0
0.557893457,0.553795207,0.559193024,0.547014446,0.133193878,1
0.556750182,0.54483728,0.552714553,0.537709132,0.063265593,0
0.521819509,0.541478058,0.526948468,0.538637283,0.119955289,1
0.519751885,0.519583552,0.511996256,0.499059949,0.100030644,0
0.544539042,0.534235479,0.540102473,0.525262381,0.070949215,0
0.550863537,0.546433506,0.553207213,0.544801161,0.057104908,0
0.56000973,0.547529423,0.556434131,0.542540279,0.046675698,0
0.547409389,0.543193405,0.550867081,0.542064304,0.056215538,0
0.551106787,0.538785915,0.540644398,0.522573122,0.049728911,0
0.54638774,0.544384619,0.552616021,0.544991551,0.038035551,0
0.564850401,0.552294277,0.559414721,0.539922416,0.053138638,0
0.559182681,0.54991185,0.564045719,0.546395678,0.038365866,0
0.55937728,0.549340068,0.56281407,0.54770461,0.026977537,0
0.544903916,0.534497546,0.542516504,0.525381375,0.08351411,0
0.556142058,0.545980845,0.555793674,0.536423999,0.037771612,0
0.548066164,0.546171439,0.551384373,0.542683072,0.042893863,0
0.530430552,0.536165245,0.532392354,0.53313977,0.06557102,0
0.494259304,0.497403154,0.479998029,0.482305624,0.137548497,1
0.469691073,0.493472149,0.472361809,0.491087365,0.144146374,1
0.480807589,0.482393863,0.473273229,0.456769557,0.119274609,1
0.434273899,0.454090628,0.439920189,0.443846831,0.214133483,1
0.4338847,0.436008005,0.399054094,0.387110593,0.296842441,1
0.495791778,0.490875304,0.451645482,0.446655085,0.230314143,1
0.47270737,0.496974317,0.471548921,0.497560627,0.213254002,1
0.505351496,0.495544861,0.489604887,0.480354126,0.13520057,1
0.481464364,0.486372516,0.485368017,0.47816464,0.110604557,1
0.472001946,0.465573927,0.460291654,0.445988719,0.140647121,1
0.416395038,0.435245628,0.415385752,0.402555987,0.187782349,1
0.463026028,0.455138896,0.431076953,0.434422523,0.186650229,1
0.438919971,0.442702625,0.437210563,0.435017492,0.164151677,1
0.37275602,0.415971792,0.378436299,0.383969157,0.290296931,1
0.445098516,0.43960547,0.390629619,0.405269045,0.253143106,1
0.358112381,0.389955687,0.358729924,0.350674695,0.215548241,1
0.384018487,0.386453519,0.354788649,0.363906804,0.21681861,1
0.368961323,0.368323248,0.351635629,0.345486566,0.198279623,1
0.364363902,0.375089341,0.365159129,0.363621219,0.176196327,1
0.32656288,0.37268309,0.329170362,0.363121445,0.277237835,1
0.314716614,0.317101063,0.291260223,0.317665818,0.226699672,1
0.369472148,0.362819841,0.344689132,0.337371189,0.188394234,1
0.36616395,0.387978272,0.369322101,0.371617602,0.200900999,1
0.397591827,0.389002716,0.374396492,0.361550727,0.161179489,1
0.371564096,0.382308095,0.376096167,0.376377353,0.123557078,1
0.388761858,0.381474246,0.381884915,0.371593803,0.095354181,0
0.387496959,0.398079764,0.388289487,0.383159999,0.117942511,1
0.354950134,0.365273741,0.356586856,0.36150313,0.101768373,0
0.364728776,0.356768476,0.351093704,0.346843095,0.093764687,0
0.356166383,0.358078811,0.356192728,0.352697589,0.065706748,0
0.407394794,0.399556869,0.381835649,0.371974583,0.121692203,1
0.4,0.420021918,0.405532565,0.419334111,0.122522597,1
0.416151788,0.409706008,0.411025717,0.400152312,0.096069245,0
0.420822184,0.416138562,0.419573357,0.414336372,0.09079384,0
0.433617125,0.424786773,0.422356882,0.41340822,0.066596144,0
0.4671856,0.459451089,0.45245837,0.441228968,0.116380374,1
0.460812454,0.454876829,0.458813676,0.44694067,0.066698589,0
0.4663099,0.459331967,0.463050547,0.458792451,0.086909476,0
0.456847482,0.456353933,0.449527047,0.452390585,0.132143434,1
0.442568718,0.443798542,0.449502414,0.436350223,0.065811755,0
0.421746534,0.433244389,0.421371564,0.43237583,0.105482842,0
0.440549745,0.434792967,0.438048084,0.426021562,0.055727841,0
0.437946972,0.443965312,0.444625086,0.431400081,0.061764478,0
0.457261007,0.44696717,0.449871909,0.434565316,0.0630831,0
0.457747507,0.450612284,0.457138634,0.445512744,0.055751347,0
0.44658234,0.453685615,0.452827865,0.453318737,0.051795782,0
0.468839698,0.462834135,0.466844024,0.45248578,0.071466172,0
0.483604962,0.474412732,0.477830328,0.464932531,0.107095551,1
0.472099246,0.485062181,0.471672086,0.456103191,0.151884425,1
0.482048163,0.472411493,0.472829835,0.463052429,0.068576734,0
0.492751155,0.489827036,0.492881072,0.477069897,0.079614439,0
0.500218925,0.495163673,0.503744211,0.489921226,0.075398478,0
0.507783994,0.499761757,0.511380432,0.496489683,0.054294114,0
0.523327658,0.51210273,0.51709528,0.502248983,0.068950277,0
0.535198249,0.528064993,0.524362006,0.508103477,0.078209799,0
0.526441255,0.5343546,0.533402306,0.531259668,0.090937469,0
0.517295062,0.525444323,0.51443492,0.517741974,0.120760104,1
0.521892484,0.510768571,0.510296581,0.499559723,0.088313323,0
0.517441012,0.506265784,0.507045029,0.48965944,0.094087185,0
0.535076624,0.526754658,0.53194896,0.520169447,0.069981079,0
0.530649477,0.531567161,0.538575229,0.524596016,0.043799389,0
0.545463391,0.533949588,0.547221401,0.528522811,0.051406758,0
0.539674045,0.537213513,0.545620258,0.533234965,0.044545941,0
0.544636342,0.533258684,0.544339344,0.526357124,0.028292131,0
0.539382145,0.545194644,0.547172135,0.544753564,0.062315061,0
0.542738993,0.532019822,0.538772293,0.527237678,0.052527581,0
0.543079543,0.543288703,0.545029067,0.528737,0.068754533,0
0.542325468,0.537832944,0.547098236,0.534639092,0.084164663,0
0.551836536,0.540691857,0.548921076,0.531069278,0.027681691,0
0.555460958,0.543288703,0.553157947,0.538208905,0.032836792,0
0.559790805,0.549864202,0.561459257,0.54751422,0.045948586,0
0.55297981,0.548482394,0.557715046,0.546871653,0.032772626,0
0.575310144,0.563086673,0.563750123,0.544396582,0.071442346,0
0.58007784,0.567494163,0.573825007,0.560817725,0.039071688,0
0.605692046,0.596107114,0.58537787,0.565315691,0.079584232,0
0.627219655,0.617930147,0.62006109,0.602822533,0.094323279,0
0.586013135,0.609091342,0.59392551,0.606178158,0.121569374,1
0.59306738,0.60132463,0.590821756,0.595254528,0.120389279,1
0.603259548,0.596273884,0.586781949,0.567957353,0.072655377,0
0.625370956,0.614189737,0.616686373,0.61129489,0.093371495,0
0.624179032,0.619431076,0.632377574,0.620076632,0.053664881,0
0.624519582,0.614785343,0.627771209,0.611175897,0.039978976,0
0.61963026,0.622194692,0.617745591,0.618862895,0.170452106,1
0.641887619,0.629103731,0.632525372,0.611009305,0.070037706,0
0.660520555,0.659884691,0.659917233,0.641138533,0.129735276,1
0.644782291,0.651331777,0.65067987,0.643518408,0.114534983,1
0.656409633,0.642302378,0.648339738,0.633284943,0.071654266,0
0.629141328,0.643064754,0.637131737,0.642114282,0.124366609,1
0.648966188,0.635568685,0.632845601,0.615554868,0.066302872,0
0.656312333,0.644637156,0.654325549,0.63180942,0.073756066,0
0.654633909,0.647924906,0.66395704,0.643803993,0.050828505,0
0.654633909,0.655334255,0.66329195,0.650301054,0.054327584,0
0.678326441,0.667984943,0.678638289,0.655417787,0.05722699,0
0.675504743,0.674751036,0.68445167,0.668292915,0.052436451,0
0.696618828,0.681612427,0.694625086,0.671410552,0.055759397,0
0.700608125,0.690594177,0.700364568,0.691234918,0.062439274,0
0.702237898,0.687377901,0.700684797,0.682405578,0.034871456,0
0.697932377,0.725258493,0.706128683,0.700778219,0.113779267,1
0.713305765,0.699528279,0.692531284,0.677693424,0.097701326,0
0.719800535,0.718516224,0.718272736,0.717199362,0.083876229,0
0.708100219,0.700957736,0.712508622,0.694090768,0.050689897,0
0.70620287,0.698503836,0.711868164,0.698136557,0.036373191,0
0.725954756,0.711392767,0.714060499,0.692710441,0.034351224,0
0.71274629,0.718540049,0.720760666,0.718936672,0.044406284,0
0.715397713,0.70638967,0.71938122,0.695328304,0.033894268,0
0.672318171,0.697836756,0.674127993,0.698240082,0.117944401,1
0.670080272,0.658693477,0.645901074,0.641019539,0.108943822,1
0.691437606,0.677133464,0.688614642,0.666936386,0.058962773,0
0.676283143,0.673747082,0.686323776,0.673195459,0.045274867,0
0.693675505,0.680230619,0.690905508,0.667317166,0.034927438,0
0.704864996,0.690403583,0.691447433,0.671481949,0.08769148,0
0.802846023,0.786820413,0.760986304,0.754265927,0.255916176,1
0.828898078,0.836579073,0.830623707,0.804873986,0.204441401,1
0.835976648,0.828512889,0.835501035,0.813750922,0.099102041,0
0.83984432,0.82472483,0.84052616,0.8160832,0.059568043,0
0.877207492,0.863034259,0.849394029,0.82586449,0.122165841,1
0.850060812,0.856006099,0.854271357,0.852519099,0.11875467,1
0.865774751,0.85695907,0.851389299,0.846759799,0.129928234,1
0.83315495,0.844641921,0.842587201,0.840750613,0.110860981,1
0.868523474,0.852194215,0.854320623,0.826745044,0.093773129,0
0.887983459,0.878567685,0.890087693,0.86418049,0.128121701,1
0.886986135,0.868632963,0.881392255,0.867976392,0.093477707,0
0.884067137,0.878996522,0.890432801,0.879721079,0.056247918,0
0.89335928,0.878162672,0.890875948,0.863442728,0.046837568,0
0.894770129,0.889240959,0.906665681,0.878966658,0.0778921,0
0.919751885,0.900957736,0.907881318,0.876746234,0.063393188,0
0.979056191,0.96267213,0.942531284,0.910183488,0.227712768,1
0.993529555,1,0.988705784,1,0.233847591,1
0.983483337,0.965638729,0.979998029,0.961921988,0.129221892,1
1,0.982917997,1,0.976026321,0.091498735,0
0.985283386,0.987611378,0.987683516,0.985197173,0.085685508,0
0.983313063,0.977676657,0.99502414,0.974440134,0.110648947,1
0.082826563,0.084814409,0.07791408,0.078488303,0.660379493,1
0.095329604,0.093867632,0.089072815,0.090816059,0.43925367,1
0.088567259,0.101443751,0.080377377,0.102310859,0.587579189,1
0.062977378,0.079668366,0.064365947,0.076893786,0.766509999,1
0.063171978,0.06742269,0.040693664,0.060615436,1,1
0.043371442,0.056201458,0.045102966,0.046050596,0.684849374,1
0.054317684,0.056558822,0.051458272,0.053927985,0.515427008,1
0.045001216,0.059798923,0.044659572,0.0613056,0.532030952,1
0.041376794,0.047243532,0.03850133,0.047526119,0.527629123,1
0.049537825,0.048911231,0.045398561,0.047883101,0.400902721,1
0.049987838,0.055817887,0.047393832,0.056474452,0.539401175,1
0.041693019,0.049078001,0.043526456,0.049096837,0.44721187,1
0.037338847,0.040024777,0.035323677,0.035983722,0.518759395,1
0.028825103,0.036879973,0.028869839,0.037602037,0.858356506,1
0.036706397,0.035236099,0.021504582,0.023655965,0.573866371,1
0.040914619,0.041597179,0.036432161,0.043028154,0.534462061,1
0.029506203,0.039810359,0.030544881,0.040505486,0.433801537,1
0.032181951,0.035379044,0.026184846,0.025155287,0.486797449,1
0.042057893,0.04059656,0.032761848,0.032913682,0.431506623,1
0.048576989,0.04745795,0.045349295,0.048573264,0.393189969,1
0.046460715,0.047434126,0.0472953,0.047478522,0.276108417,1
0.050644612,0.052079859,0.047418465,0.045669816,0.408763065,1
0.05302846,0.053175775,0.052862351,0.054832338,0.326101127,1
0.043857942,0.047577072,0.043969849,0.043527928,0.415103401,1
0.052323036,0.050626578,0.047246034,0.045955401,0.295356376,1
0.044198492,0.049363892,0.044043748,0.050215379,0.467357039,1
0.048868888,0.048005908,0.048674746,0.047645113,0.26611125,1
0.048601314,0.050030972,0.049808109,0.05152431,0.224486238,1
0.05346631,0.051460428,0.050620751,0.049215831,0.27749782,1
0.071539771,0.070948683,0.06137181,0.060591637,0.712430201,1
0.063512527,0.071448992,0.062272145,0.07299079,0.781236482,1
0.063731452,0.065826464,0.062198246,0.06282872,0.434871241,1
0.062563853,0.061466622,0.0585772,0.057402604,0.315015446,1
0.058452931,0.062295707,0.060202976,0.063495086,0.323839203,1
0.051058137,0.059605947,0.052443591,0.06035365,0.340167946,1
0.054779859,0.056177634,0.052369692,0.051405317,0.351948331,1
0.05322306,0.055522466,0.054389595,0.052523858,0.24462297,1
0.050498662,0.053938152,0.049807863,0.054380161,0.282108284,1
0.048771588,0.050388336,0.049044241,0.051857493,0.221670606,1
0.048795913,0.050388336,0.045595625,0.046193389,0.312809772,1
0.052566286,0.052127508,0.049684452,0.049715605,0.251878464,1
0.039430795,0.047720017,0.041210957,0.04866846,0.412693518,1
0.049452688,0.051293658,0.043920583,0.042290392,0.419514945,1
0.03373875,0.039524468,0.032885013,0.039172755,0.557865072,1
0.033519825,0.036403488,0.031899695,0.034531997,0.347102097,1
0.037582097,0.038333254,0.035372943,0.035840929,0.299654057,1
0.048552664,0.048101206,0.044290078,0.046502773,0.394942771,1
0.058477256,0.057702387,0.055420731,0.055570099,0.358060006,1
0.057650207,0.056701768,0.05360134,0.056450653,0.320925895,1
0.051885186,0.06334874,0.053404276,0.061638782,0.445620064,1
0.051033812,0.05286606,0.048674746,0.049858397,0.394282552,1
0.059596205,0.057726211,0.054364962,0.053761394,0.314192818,1
0.058915106,0.059870396,0.059611784,0.059544492,0.286350278,1
0.059036731,0.057825559,0.057887477,0.059116114,0.21891863,1
0.061566529,0.060966312,0.058567347,0.057878579,0.248473731,1
0.059352955,0.060213704,0.06057247,0.0593779,0.195828433,1
0.056044758,0.058178873,0.058207705,0.057140817,0.202213395,1
0.057528582,0.056368228,0.055276382,0.054713344,0.195336593,1
0.054366334,0.055677324,0.056458764,0.057212214,0.193753114,1
0.045876916,0.052938009,0.047738693,0.053737595,0.362954226,1
0.049087813,0.048720637,0.044881269,0.045955401,0.317091832,1
0.051179762,0.050864821,0.051236575,0.049858397,0.202764759,1
0.052541961,0.052627817,0.053823037,0.052285871,0.109976102,1
0.058525906,0.060918664,0.055276382,0.053237821,0.491986095,1
0.067453174,0.066873064,0.063158932,0.062852519,0.356609055,1
0.068328874,0.066636489,0.065326633,0.065256194,0.241691299,1
0.067988324,0.067613284,0.068578185,0.068826007,0.210448599,1
0.0663099,0.065423357,0.06687851,0.066636522,0.208247137,1
0.069958648,0.069495402,0.068676717,0.065946358,0.234555922,1
0.071491121,0.070472197,0.070745886,0.070848902,0.22059002,1
0.065166626,0.072783151,0.065597596,0.071229682,0.322890971,1
0.068718073,0.067827703,0.063503793,0.061638782,0.217746889,1
0.0666991,0.065183209,0.064489112,0.066231943,0.235265026,1
0.065166626,0.066588841,0.066927776,0.066636522,0.210785905,1
0.080004865,0.077428885,0.073307715,0.070777505,0.455135997,1
0.07983459,0.078548625,0.079293526,0.078083724,0.270343551,1
0.081999514,0.081431362,0.082951522,0.081629739,0.258362731,1
0.077025055,0.080287797,0.078209676,0.081772531,0.563991298,1
0.080856239,0.07840568,0.07163021,0.072395821,0.342073706,1
0.089734858,0.092926574,0.086905114,0.088079202,0.491804454,1
0.087496959,0.08822128,0.089688639,0.089388134,0.239261681,1
0.089953783,0.09067518,0.090476894,0.087389038,0.135622354,1
0.101435174,0.099918997,0.09641344,0.093743307,0.347904391,1
0.097008027,0.103371135,0.098460193,0.103405602,0.341437964,1
0.094210654,0.096702721,0.096142477,0.097527309,0.264875867,1
0.091705181,0.093724687,0.092004138,0.093957495,0.273170038,1
0.083726587,0.091036356,0.079786186,0.092624765,0.410713921,1
0.087618584,0.086577405,0.083899892,0.08160594,0.268651096,1
0.076891267,0.084933292,0.07885506,0.078821486,0.447402675,1
0.087399659,0.086315338,0.082495812,0.080344606,0.305735734,1
0.090148382,0.088697765,0.088333826,0.0900307,0.291977044,1
0.082680613,0.082836994,0.084072322,0.082319903,0.277852736,1
0.082242763,0.081693429,0.080032516,0.080677789,0.246161593,1
0.087326685,0.085886501,0.084047689,0.081296556,0.240547737,1
0.082510338,0.084814409,0.08471278,0.086151503,0.245481427,1
0.078204816,0.082966122,0.080377377,0.081344154,0.312024932,1
0.07988324,0.079358651,0.080224653,0.078964278,0.247148609,1
0.090099732,0.088364225,0.084195487,0.081058569,0.289366091,1
0.101873024,0.105470053,0.096610503,0.09329113,0.339826173,1
0.10722452,0.10589889,0.100133018,0.099193222,0.320930371,1
0.116589638,0.118382808,0.103877229,0.115352579,0.455258803,1
0.117173437,0.116500691,0.115774953,0.116613913,0.270909985,1
0.114497689,0.116500691,0.113410188,0.116209334,0.403062044,1
0.102408173,0.110997284,0.104271357,0.10690402,0.408594795,1
0.089929458,0.098489541,0.08828456,0.098122278,0.517242933,1
0.095232304,0.09524944,0.090058134,0.093172136,0.295343875,1
0.097299927,0.097465097,0.099123066,0.09788429,0.220717359,1
0.094745804,0.096178587,0.096659769,0.097955687,0.244420499,1
0.103137923,0.100061943,0.0990738,0.09924082,0.22668365,1
0.101605449,0.100109592,0.102202187,0.101739689,0.200257627,1
0.101970324,0.099013675,0.099886688,0.098598253,0.186571455,1
0.099781075,0.101198361,0.102177554,0.10000238,0.201170198,1
0.098272926,0.099085148,0.098605774,0.099669197,0.190776263,1
0.097640477,0.097655692,0.097053897,0.098288869,0.164727745,1
0.098224276,0.095606804,0.096862006,0.094600062,0.151856269,1
0.09292143,0.096750369,0.094639866,0.09731312,0.215456258,1
0.08720506,0.08772097,0.08646172,0.087222447,0.267739957,1
0.084456337,0.08242007,0.081387329,0.082343702,0.266135416,1
0.084845536,0.084123505,0.084811311,0.084818772,0.23753447,1
0.075431768,0.081764902,0.076928761,0.079511649,0.284906671,1
0.075091219,0.074593796,0.059168391,0.069397177,0.457317384,1
0.073850645,0.071854005,0.068627451,0.072205431,0.310285989,1
0.063244953,0.073994616,0.064464479,0.071586663,0.415274417,1
0.063901727,0.070162482,0.066090255,0.066612723,0.473353892,1
0.07978594,0.077500357,0.070006897,0.069373379,0.326684644,1
0.07329117,0.079382475,0.075475416,0.0804636,0.282958074,1
0.065847726,0.072211369,0.067666765,0.071896047,0.316282768,1
0.061153004,0.067184448,0.059734949,0.064613627,0.519207672,1
0.064290927,0.063217706,0.057148488,0.062781123,0.443289401,1
0.051982486,0.060990137,0.053798404,0.062662129,0.445188291,1
0.06347604,0.06351551,0.06015371,0.058140365,0.367830446,1
0.060788129,0.063777577,0.061779486,0.064470835,0.31309824,1
0.065604476,0.066255301,0.066238053,0.066493729,0.285341205,1
0.063342252,0.061395149,0.06106513,0.061400795,0.238892362,1
0.070542447,0.068137418,0.064168884,0.063804469,0.252855236,1
0.074385794,0.075808834,0.074748744,0.074014136,0.323322862,1
0.072415471,0.072568495,0.06888856,0.070087341,0.313064963,1
0.062126003,0.066183828,0.063922554,0.067302887,0.342752944,1
0.060812454,0.06201458,0.062333727,0.060210857,0.542226067,1
0.069082948,0.067827703,0.063774756,0.061234204,0.31300161,1
0.067015325,0.068709201,0.068405754,0.068373831,0.261809728,1
0.061055704,0.065516748,0.063294413,0.067160094,0.240216693,1
0.062271953,0.062562539,0.060671002,0.059354102,0.272323628,1
0.063780102,0.062133702,0.060473938,0.061281801,0.257464423,1
0.064217952,0.064754372,0.064932259,0.06437564,0.216212338,1
0.06059353,0.059568066,0.060326141,0.060710631,0.231318298,1
0.06606665,0.066993853,0.06596709,0.06437564,0.33296002,1
0.068134274,0.068566255,0.069267908,0.06915919,0.198375276,1
0.075188519,0.073283699,0.07069662,0.069658964,0.240592388,1
0.075942593,0.075594416,0.077051926,0.075918037,0.214195342,1
0.080053515,0.077476533,0.075795645,0.07432352,0.224453749,1
0.08603746,0.083361128,0.084121588,0.081748733,0.24119447,1
0.092447093,0.08967456,0.08646172,0.083771627,0.296734962,1
0.088178059,0.089221899,0.089319145,0.090244889,0.249211376,1
0.095937728,0.093534093,0.092521431,0.090054499,0.248733741,1
0.090099732,0.094344118,0.091844024,0.096004189,0.236145961,1
0.096108003,0.094344118,0.096733668,0.093338728,0.24275873,1
0.095280954,0.093557917,0.095846881,0.094481068,0.228985086,1
0.096935052,0.095463859,0.095994679,0.092600966,0.258065151,1
0.09272683,0.095606804,0.092225835,0.096194579,0.259771431,1
0.093675505,0.091366084,0.0909698,0.089864109,0.178944637,1
0.089880808,0.092319055,0.091240516,0.091482425,0.227877116,1
0.095670153,0.094630009,0.093087989,0.089388134,0.209792243,1
0.096643153,0.094487063,0.096536605,0.095742402,0.1728992,1
0.095840428,0.095320913,0.097891418,0.09617078,0.170131018,1
0.093870105,0.094391766,0.095354222,0.094504867,0.300076317,1
0.093626855,0.099275742,0.093802345,0.099645399,0.434991538,1
0.088713208,0.090913423,0.090390679,0.088483781,0.30654916,1
0.091340306,0.09212846,0.092275101,0.089102549,0.198518363,1
0.07993189,0.08598156,0.079638388,0.087079654,0.392854758,1
0.080540015,0.083504074,0.082766775,0.082343702,0.226116604,1
0.084529312,0.081836375,0.080697606,0.079226064,0.207835965,1
0.085672586,0.085429552,0.086474037,0.086270497,0.210466165,1
0.077499392,0.081336065,0.079909351,0.082843476,0.238787081,1
0.075212844,0.073545528,0.069957631,0.06877841,0.35729969,1
0.067574799,0.069662172,0.068676717,0.068540422,0.313810954,1
0.072926295,0.073259637,0.073627944,0.071348676,0.294165697,1
0.078958891,0.07740506,0.077544586,0.075323068,0.219632617,1
0.076088543,0.07511793,0.075869544,0.076679597,0.195746411,1
0.072634396,0.075260876,0.074908858,0.07606083,0.161810658,1
0.072245196,0.070317339,0.070179328,0.067969252,0.252921957,1
0.078618341,0.077000048,0.075697113,0.072895595,0.203878828,1
0.074045244,0.077667127,0.075968076,0.079059473,0.211469022,1
0.078107516,0.077524182,0.077766282,0.074751898,0.161032486,1
0.077621017,0.078429504,0.078702335,0.079059473,0.188788665,1
0.077499392,0.076213847,0.078948665,0.077000881,0.140745719,1
0.07368037,0.076809453,0.075647847,0.075775245,0.259190105,1
0.072050596,0.072425787,0.0743423,0.073704753,0.186614708,1
0.071247872,0.071353695,0.072839689,0.072538613,0.175177987,1
0.07314522,0.071091628,0.073110651,0.070634713,0.149159674,1
0.069447823,0.070162482,0.070844418,0.071586663,0.20192408,1
0.075164194,0.073283461,0.072617992,0.070134939,0.198624958,1
0.075188519,0.07366465,0.075037196,0.075132678,0.185825408,1
0.077231817,0.078763044,0.078431619,0.076156025,0.196241827,1
0.078180491,0.07707152,0.079194995,0.077607749,0.141685864,1
0.075699343,0.078119788,0.077766282,0.077155572,0.186226569,1
0.078715641,0.076332968,0.07816041,0.075989433,0.13124037,1
0.08632936,0.083718492,0.080549808,0.079059473,0.266290257,1
0.084286062,0.083861438,0.086264657,0.08410481,0.159953519,1
0.085526636,0.084552342,0.083976254,0.085128156,0.248960378,1
0.089515933,0.088507171,0.086905114,0.083771627,0.26571493,1
0.08628071,0.086029447,0.088358459,0.085937314,0.303790652,1
0.090756507,0.088173631,0.085821263,0.084961565,0.212614191,1
0.094843104,0.092152285,0.091757809,0.089316738,0.197424239,1
0.094162004,0.092724067,0.095723717,0.093219734,0.152071276,1
0.09345658,0.093486444,0.094984728,0.094838049,0.178520855,1
0.09272683,0.091699624,0.094689132,0.092481972,0.184973087,1
0.096789102,0.094927812,0.096019312,0.092362979,0.157976745,1
0.100559475,0.097893934,0.098482609,0.095671006,0.165587064,1
0.102091948,0.100085767,0.10222682,0.098931436,0.161556846,1
0.102846023,0.099895173,0.101955858,0.099954782,0.128013575,1
0.109389443,0.106256254,0.106845502,0.103048621,0.210379935,1
